[
{"nummer":1,"voornaam":"Diane","familienaam":"Murphy","wedde": 3000,"job":"President"},
{"nummer":2,"voornaam":"Mary","familienaam":"Patterson","wedde": 2000,"job":"VP Sales"},
{"nummer":3,"voornaam":"Jeff","familienaam":"Firrelli","wedde": 2100,"job":"VP Marketing"},
{"nummer":4,"voornaam":"William","familienaam":"Patterson","wedde": 1950,"job":"Sales Manager (APAC)"},
{"nummer":5,"voornaam":"Gerard","familienaam":"Bondur","wedde": 1970,"job":"Sale Manager (EMEA)"},
{"nummer":6,"voornaam":"Anthony","familienaam":"Bow","wedde": 1920,"job":"Sales Manager (NA)"},
{"nummer":7,"voornaam":"Leslie","familienaam":"Jennings","wedde": 1910,"job":"Sales Rep"},
{"nummer":8,"voornaam":"Leslie","familienaam":"Thompson","wedde": 1905,"job":"Sales Rep"},
{"nummer":9,"voornaam":"Julie","familienaam":"Firrelli","wedde": 1900,"job":"Sales Rep"},
{"nummer":10,"voornaam":"Steve","familienaam":"Patterson","wedde": 1910,"job":"Sales Rep"},
{"nummer":11,"voornaam":"Foon Yue","familienaam":"Tseng","wedde": 1904,"job":"Sales Rep"},
{"nummer":12,"voornaam":"George","familienaam":"Vanauf","wedde": 1905,"job":"Sales Rep"},
{"nummer":13,"voornaam":"Loui","familienaam":"Bondur","wedde": 1909,"job":"Sales Rep"},
{"nummer":14,"voornaam":"Gerard","familienaam":"Hernandez","wedde": 1908,"job":"Sales Rep"},
{"nummer":15,"voornaam":"Pamela","familienaam":"Castillo","wedde": 1903,"job":"Sales Rep"},
{"nummer":16,"voornaam":"Larry","familienaam":"Bott","wedde": 1902,"job":"Sales Rep"},
{"nummer":17,"voornaam":"Barry","familienaam":"Jones","wedde": 1903,"job":"Sales Rep"},
{"nummer":18,"voornaam":"Andy","familienaam":"Fixter","wedde": 1907,"job":"Sales Rep"},
{"nummer":19,"voornaam":"Peter","familienaam":"Marsh","wedde": 1905,"job":"Sales Rep"},
{"nummer":20,"voornaam":"Tom","familienaam":"King","wedde": 1904,"job":"Sales Rep"},
{"nummer":21,"voornaam":"Mami","familienaam":"Nishi","wedde": 1900,"job":"Sales Rep"},
{"nummer":22,"voornaam":"Yoshimi","familienaam":"Kato","wedde": 1901,"job":"Sales Rep"},
{"nummer":23,"voornaam":"Martin","familienaam":"Gerard","wedde": 1902,"job":"Sales Rep"}
]